date,game_id,commence_time,home_team,away_team,BetMGM_home_point,BetMGM_home_price,BetMGM_away_point,BetMGM_away_price,BetOnline.ag_home_point,BetOnline.ag_home_price,BetOnline.ag_away_point,BetOnline.ag_away_price,BetRivers_home_point,BetRivers_home_price,BetRivers_away_point,BetRivers_away_price,BetUS_home_point,BetUS_home_price,BetUS_away_point,BetUS_away_price,Bovada_home_point,Bovada_home_price,Bovada_away_point,Bovada_away_price,DraftKings_home_point,DraftKings_home_price,DraftKings_away_point,DraftKings_away_price,FanDuel_home_point,FanDuel_home_price,FanDuel_away_point,FanDuel_away_price,LowVig.ag_home_point,LowVig.ag_home_price,LowVig.ag_away_point,LowVig.ag_away_price,MyBookie.ag_home_point,MyBookie.ag_home_price,MyBookie.ag_away_point,MyBookie.ag_away_price
2026-09-09,8c94552d022acec4a0458d70c19d3da9,2026-09-10T00:20:00Z,Seattle Seahawks,New England Patriots,-3.0,-112,3.0,105,-3.0,-115,3.0,-105,-3.0,-117,3.0,-105,-3.0,-115,3.0,-105,-3.0,-120,3.0,100,-3.0,-118,3.0,-102,-3.5,-102,3.5,-120,-3.0,-110,3.0,100,-3.5,108,3.5,-130
2026-09-09,acc580d74344ea3b31bbcdd057fe6a9c,2026-09-11T00:35:00Z,Los Angeles Rams,San Francisco 49ers,-3.5,-110,3.5,-108,-3.5,-118,3.5,-102,-3.5,-113,3.5,-108,-3.5,-115,3.5,-105,-4.0,-105,4.0,-115,-3.5,-118,3.5,-102,-3.5,-120,3.5,-102,-3.5,-114,3.5,103,-4.0,-110,4.0,-110
2026-09-09,95c01d1bb797d6df14824b106c5a9130,2026-09-13T17:00:00Z,Pittsburgh Steelers,Atlanta Falcons,-3.5,-105,3.5,-112,-3.5,-104,3.5,-116,-3.5,-104,3.5,-118,-3.5,-105,3.5,-115,-3.5,100,3.5,-120,-3.5,-112,3.5,-108,-3.5,-104,3.5,-118,-3.5,101,3.5,-112,-3.5,-110,3.5,-110
2026-09-09,b6cfdcbafa61ce220ba87dc2d9b80c77,2026-09-13T17:00:00Z,Indianapolis Colts,Baltimore Ravens,3.5,-115,-3.5,-105,3.5,-122,-3.5,102,3.5,-115,-3.5,-106,3.5,-120,-3.5,100,3.5,-120,-3.5,100,3.5,-115,-3.5,-105,3.5,-118,-3.5,-104,3.5,-115,-3.5,104,3.5,-120,-3.5,100
2026-09-09,7e09efed7e12c659b82740b67ce2f9a1,2026-09-13T17:00:00Z,Houston Texans,Buffalo Bills,1.0,-108,-1.0,-110,1.0,-110,-1.0,-110,1.0,-113,-1.0,-108,0.0,100,0.0,-120,1.0,-110,-1.0,-110,1.5,-118,-1.5,-102,1.5,-114,-1.5,-106,1.0,-105,-1.0,-105,1.0,-110,-1.0,-110
2026-09-09,fc362aff0d889ec52d358307a70c32ed,2026-09-13T17:00:00Z,Carolina Panthers,Chicago Bears,3.0,-102,-3.0,-118,3.0,-105,-3.0,-115,3.0,-113,-3.0,-108,3.0,-105,-3.0,-115,3.0,-110,-3.0,-110,3.0,-102,-3.0,-118,3.0,-114,-3.0,-106,3.0,100,-3.0,-110,3.0,-110,-3.0,-110
2026-09-09,ed6d24ff979f9c71979fead577b0b3f7,2026-09-13T17:00:00Z,Cincinnati Bengals,Tampa Bay Buccaneers,-3.5,-110,3.5,-108,-4.0,-105,4.0,-115,-4.0,-107,4.0,-114,-4.0,-110,4.0,-110,-4.0,-105,4.0,-115,-3.5,-112,3.5,-108,-3.5,-115,3.5,-105,-4.0,100,4.0,-110,-4.0,-110,4.0,-110
2026-09-09,e55c6fe19fce094ce214c8b0e5b504e9,2026-09-13T17:00:00Z,Jacksonville Jaguars,Cleveland Browns,-8.5,-108,8.5,-110,-9.0,-105,9.0,-115,-8.0,-113,8.0,-108,-9.0,-105,9.0,-115,-8.5,-110,8.5,-110,-8.5,-110,8.5,-110,-8.5,-108,8.5,-112,-9.0,100,9.0,-110,-9.0,-110,9.0,-110
2026-09-09,c1d3fcec25aaeb06ebd2244d33d338e0,2026-09-13T17:00:00Z,Detroit Lions,New Orleans Saints,-7.0,-108,7.0,-110,-7.0,-104,7.0,-116,-7.0,-108,7.0,-113,-7.0,-105,7.0,-115,-7.0,-110,7.0,-110,-7.0,-108,7.0,-112,-6.5,-122,6.5,100,-7.0,101,7.0,-112,-7.0,-110,7.0,-110
2026-09-09,7dddb296a42e7a41a774b24bd1709ce1,2026-09-13T17:00:00Z,Tennessee Titans,New York Jets,-1.5,-110,1.5,-108,0.0,-116,0.0,-104,-1.5,-109,1.5,-112,0.0,-120,0.0,100,-1.0,-110,1.0,-110,-1.5,-110,1.5,-110,-1.5,-110,1.5,-110,0.0,-112,0.0,101,-1.0,-110,1.0,-110
2026-09-09,1edfa5ceaa1ad2cb57df1c1b908731f6,2026-09-13T20:25:00Z,Los Angeles Chargers,Arizona Cardinals,-9.5,-108,9.5,-110,-9.5,-110,9.5,-110,-9.5,-115,9.5,-106,-9.5,-110,9.5,-110,-9.0,-110,9.0,-110,-9.5,-115,9.5,-105,-9.5,-114,9.5,-106,-9.5,-105,9.5,-105,-10.0,-110,10.0,-110
2026-09-09,cb77efed7e711d25a72c1a2a0a1af119,2026-09-13T20:25:00Z,Minnesota Vikings,Green Bay Packers,-1.5,-108,1.5,-110,-1.0,-115,1.0,-105,-1.5,-109,1.5,-112,-1.0,-115,1.0,-105,-1.5,-110,1.5,-110,-1.5,-108,1.5,-112,-1.5,-110,1.5,-110,-1.0,-110,1.0,100,-1.5,-110,1.5,-110
2026-09-09,c5d95f48a16849ab6bebc68fbbfcb74a,2026-09-13T20:25:00Z,Las Vegas Raiders,Miami Dolphins,-3.0,-110,3.0,-108,-3.0,-107,3.0,-113,-3.0,-112,3.0,-109,-3.0,-105,3.0,-115,-3.0,-115,3.0,-105,-3.0,-112,3.0,-108,-3.0,-115,3.0,-105,-3.0,-102,3.0,-108,-3.0,-110,3.0,-110
2026-09-09,17885cb8dcade8f6c3bce14b2de805e8,2026-09-13T20:25:00Z,Philadelphia Eagles,Washington Commanders,-5.5,-108,5.5,-110,-4.5,-113,4.5,-107,-5.0,-110,5.0,-110,-4.5,-115,4.5,-105,-5.0,-110,5.0,-110,-5.5,-108,5.5,-112,-5.5,-105,5.5,-115,-4.5,-108,4.5,-102,-5.0,-110,5.0,-110
2026-09-09,3e646c7479c57f5d9752d8c7dfe7059b,2026-09-14T00:20:00Z,New York Giants,Dallas Cowboys,3.0,-118,-3.0,-102,3.0,-113,-3.0,-107,3.0,-113,-3.0,-108,3.0,-115,-3.0,-105,3.0,-115,-3.0,-105,3.0,-115,-3.0,-105,2.5,-105,-2.5,-115,3.0,-108,-3.0,-102,3.0,-120,-3.0,100
2026-09-09,5ad8135dc2b5f27de0b777acd317855a,2026-09-15T00:15:00Z,Kansas City Chiefs,Denver Broncos,,,,,-2.5,-116,2.5,-104,-2.5,-118,2.5,-103,-2.0,-120,2.0,100,-2.5,-120,2.5,100,-3.0,100,3.0,-120,-2.5,-115,2.5,-105,-2.5,-112,2.5,101,-2.5,-115,2.5,-105
2026-09-09,56e8897681915f7ec92baeee952bb1ae,2026-09-18T00:15:00Z,Buffalo Bills,Detroit Lions,,,,,-3.0,-110,3.0,-110,-3.0,-112,3.0,-109,-3.0,-110,3.0,-110,,,,,-3.0,-115,3.0,-105,-3.5,-110,3.5,-110,-3.0,-105,3.0,-105,,,,
2026-09-09,aee7eae1849ebb103b9bf233e9741392,2026-09-20T17:00:00Z,Atlanta Falcons,Carolina Panthers,,,,,-1.5,-110,1.5,-110,-1.5,-110,1.5,-110,-1.5,-110,1.5,-110,,,,,-1.5,-110,1.5,-110,-1.5,-106,1.5,-114,-1.5,-105,1.5,-105,,,,
2026-09-09,2143ade9684fd876b68a4e8cbf451f05,2026-09-20T17:00:00Z,Baltimore Ravens,New Orleans Saints,,,,,-7.5,-110,7.5,-110,-7.5,-112,7.5,-109,-7.5,-110,7.5,-110,,,,,-7.5,-110,7.5,-110,-8.5,-104,8.5,-118,-7.5,-105,7.5,-105,,,,
2026-09-09,0283a29e1b38ef78b29b904fd56a16dd,2026-09-20T17:00:00Z,Chicago Bears,Minnesota Vikings,,,,,-3.5,-105,3.5,-115,-3.0,-110,3.0,-110,-3.5,-105,3.5,-115,,,,,-3.0,-110,3.0,-110,-3.0,-110,3.0,-110,-3.5,100,3.5,-110,,,,
2026-09-09,36ad2fa722f4915ef23d2c81351261de,2026-09-20T17:00:00Z,Houston Texans,Cincinnati Bengals,,,,,-3.0,-107,3.0,-113,-2.5,-112,2.5,-109,-3.0,-105,3.0,-115,,,,,-2.5,-118,2.5,-102,-2.5,-110,2.5,-110,-3.0,-102,3.0,-108,,,,
2026-09-09,0636ebff776d43f8c829a36713c80b22,2026-09-20T17:00:00Z,Tampa Bay Buccaneers,Cleveland Browns,,,,,-6.5,-110,6.5,-110,-6.5,-110,6.5,-110,-6.5,-110,6.5,-110,,,,,-6.5,-110,6.5,-110,-6.5,-115,6.5,-105,-6.5,-105,6.5,-105,,,,
2026-09-09,4aeee070bb6ec60bdfae4dede61b9014,2026-09-20T17:00:00Z,New York Jets,Green Bay Packers,,,,,5.5,-110,-5.5,-110,5.5,-109,-5.5,-112,5.5,-110,-5.5,-110,,,,,5.5,-110,-5.5,-110,5.5,-110,-5.5,-110,5.5,-105,-5.5,-105,,,,
2026-09-09,9d14f87600f6edc74dbcb5c74edf6246,2026-09-20T17:00:00Z,New England Patriots,Pittsburgh Steelers,,,,,-5.0,-115,5.0,-105,-5.0,-109,5.0,-112,-5.0,-115,5.0,-105,,,,,-4.5,-110,4.5,-110,-5.5,-110,5.5,-110,-5.0,-110,5.0,100,,,,
2026-09-09,fafc649c455e32a0f2ba1bd06e2039bc,2026-09-20T17:00:00Z,Tennessee Titans,Philadelphia Eagles,,,,,4.5,-110,-4.5,-110,5.5,-110,-5.5,-110,4.5,-110,-4.5,-110,,,,,5.5,-110,-5.5,-110,5.5,-110,-5.5,-110,4.5,-105,-4.5,-105,,,,
2026-09-09,1fd6628c781f556a7a19638e97d7107f,2026-09-20T20:05:00Z,Denver Broncos,Jacksonville Jaguars,,,,,-3.0,-115,3.0,-105,-3.0,-109,3.0,-112,-3.0,-115,3.0,-105,,,,,-3.0,-110,3.0,-110,-2.5,-114,2.5,-106,-3.0,-110,3.0,100,,,,
2026-09-09,71b3b83747589efdc5baef2c5cf811bf,2026-09-20T20:05:00Z,Los Angeles Chargers,Las Vegas Raiders,,,,,-8.5,-110,8.5,-110,-8.5,-108,8.5,-113,-9.5,-110,9.5,-110,,,,,-9.5,-110,9.5,-110,-9.5,-110,9.5,-110,-8.5,-105,8.5,-105,,,,
2026-09-09,4dd8020192a544385db42374e5555303,2026-09-20T20:25:00Z,Arizona Cardinals,Seattle Seahawks,,,,,10.0,-115,-10.0,-105,10.0,-110,-10.0,-110,10.0,-115,-10.0,-105,,,,,10.0,-110,-10.0,-110,9.5,-115,-9.5,-105,10.0,-110,-10.0,100,,,,
2026-09-09,85ef85098ddd22fe4ecf45e7e3c0a9c0,2026-09-20T20:25:00Z,Dallas Cowboys,Washington Commanders,,,,,-4.5,-105,4.5,-115,-4.5,-112,4.5,-109,-4.5,-105,4.5,-115,,,,,-4.5,-105,4.5,-115,-4.5,-115,4.5,-105,-4.5,100,4.5,-110,,,,
2026-09-09,68bc55903f50af4af4766adcc89fcc61,2026-09-20T20:25:00Z,San Francisco 49ers,Miami Dolphins,,,,,-10.5,-110,10.5,-110,-10.5,-110,10.5,-110,-10.5,-110,10.5,-110,,,,,-10.5,-110,10.5,-110,-12.5,-110,12.5,-110,-10.5,-105,10.5,-105,,,,
2026-09-09,50bc247030707d823b9c3581d7eb5760,2026-09-21T00:20:00Z,Kansas City Chiefs,Indianapolis Colts,,,,,-6.5,-110,6.5,-110,-6.5,-109,6.5,-112,-6.5,-110,6.5,-110,,,,,-6.5,-110,6.5,-110,-5.5,-110,5.5,-110,-6.5,-105,6.5,-105,,,,
2026-09-09,32367f882fac1a0c20a6335619922025,2026-09-22T00:15:00Z,Los Angeles Rams,New York Giants,,,,,-8.5,-110,8.5,-110,-9.5,-109,9.5,-112,-8.5,-110,8.5,-110,,,,,-9.5,-112,9.5,-108,-9.5,-118,9.5,-104,-8.5,-105,8.5,-105,,,,
2026-09-09,e5fbd3b3953b896b1bf897ddadb3cc4b,2026-09-25T00:15:00Z,Green Bay Packers,Atlanta Falcons,,,,,,,,,,,,,-7.5,-110,7.5,-110,,,,,-7.5,-110,7.5,-110,,,,,,,,,,,,
2026-09-09,b225458a282e140c44c45651255f2f6c,2026-09-27T17:00:00Z,Buffalo Bills,Los Angeles Chargers,,,,,,,,,,,,,,,,,,,,,-3.0,-110,3.0,-110,,,,,,,,,,,,
2026-09-09,613b8cd3a5fab58f7be4e3fd6f76223e,2026-09-27T17:00:00Z,Cleveland Browns,Carolina Panthers,,,,,,,,,,,,,,,,,,,,,1.5,-110,-1.5,-110,,,,,,,,,,,,
2026-09-09,71123be049587b6facce3a20c53e5d09,2026-09-27T17:00:00Z,Pittsburgh Steelers,Cincinnati Bengals,,,,,,,,,,,,,1.5,-120,-1.5,100,,,,,1.5,-110,-1.5,-110,,,,,,,,,,,,
2026-09-09,07f552badfa8a565d1be22123713e4da,2026-09-27T17:00:00Z,Detroit Lions,New York Jets,,,,,,,,,,,,,,,,,,,,,-9.5,-110,9.5,-110,,,,,,,,,,,,
2026-09-09,17a730b7d399feeab6a78c30767c29d2,2026-09-27T17:00:00Z,Indianapolis Colts,Houston Texans,,,,,,,,,,,,,1.5,-105,-1.5,-115,,,,,1.5,-110,-1.5,-110,,,,,,,,,,,,
2026-09-09,0339a0e41bcee12820eb3e64bb5fadb4,2026-09-27T17:00:00Z,Miami Dolphins,Kansas City Chiefs,,,,,,,,,,,,,7.0,-105,-7.0,-115,,,,,7.5,-110,-7.5,-110,,,,,,,,,,,,
2026-09-09,555afd4a27aaa392662881cffa8f2eef,2026-09-27T17:00:00Z,New York Giants,Tennessee Titans,,,,,,,,,,,,,-3.0,-120,3.0,100,,,,,-3.0,-115,3.0,-105,,,,,,,,,,,,
2026-09-09,2a529c108305ffa049d8b6cfdbaa4d36,2026-09-27T17:00:00Z,Washington Commanders,Seattle Seahawks,,,,,,,,,,,,,3.5,-110,-3.5,-110,,,,,3.5,-110,-3.5,-110,,,,,,,,,,,,
2026-09-09,9d2b09e0f9b6dd5ce0d985894f4f98fa,2026-09-27T20:05:00Z,San Francisco 49ers,Arizona Cardinals,,,,,,,,,,,,,-11.5,-110,11.5,-110,,,,,-11.5,-110,11.5,-110,,,,,,,,,,,,
2026-09-09,f1724dead3eab61546033032fc782375,2026-09-27T20:05:00Z,Tampa Bay Buccaneers,Minnesota Vikings,,,,,,,,,,,,,-1.5,-110,1.5,-110,,,,,-1.5,-110,1.5,-110,,,,,,,,,,,,
2026-09-09,84cfca14efc21363fd605508404cf1ff,2026-09-27T20:25:00Z,Dallas Cowboys,Baltimore Ravens,,,,,,,,,,,,,2.5,-110,-2.5,-110,,,,,2.5,-110,-2.5,-110,,,,,,,,,,,,
2026-09-09,2e523fcb0497aa689473e290eb2b97de,2026-09-27T20:25:00Z,New Orleans Saints,Las Vegas Raiders,,,,,,,,,,,,,,,,,,,,,-3.5,-110,3.5,-110,,,,,,,,,,,,
2026-09-09,3bfd8bfb4b8e9a365a0877879b73b16b,2026-09-28T00:20:00Z,Denver Broncos,Los Angeles Rams,,,,,,,,,,,,,,,,,,,,,3.0,-110,-3.0,-110,,,,,,,,,,,,
2026-09-09,47dc7baa254659f3beb2ed2b38c207b6,2026-09-29T00:15:00Z,Chicago Bears,Philadelphia Eagles,,,,,,,,,,,,,,,,,,,,,-1.5,-105,1.5,-115,,,,,,,,,,,,
2026-09-09,d55cb69fed50a09170560b5b75d8de86,2026-10-02T00:15:00Z,Cleveland Browns,Pittsburgh Steelers,,,,,,,,,,,,,,,,,,,,,2.5,-110,-2.5,-110,,,,,,,,,,,,
2026-09-09,c9d8ed8aa4889486eaf10a630138ede0,2026-10-04T13:30:00Z,Washington Commanders,Indianapolis Colts,,,,,,,,,,,,,-1.5,100,1.5,-120,,,,,-1.5,-105,1.5,-115,,,,,,,,,,,,
2026-09-09,664e6bda5721dc63be16bcf7d962a436,2026-10-04T17:00:00Z,New York Giants,Arizona Cardinals,,,,,,,,,,,,,-7.0,-110,7.0,-110,,,,,-7.0,-110,7.0,-110,,,,,,,,,,,,
2026-09-09,f01589b0e7e6dd4f4ac1220a1db81f53,2026-10-04T17:00:00Z,Baltimore Ravens,Tennessee Titans,,,,,,,,,,,,,-8.5,-110,8.5,-110,,,,,-8.5,-110,8.5,-110,,,,,,,,,,,,
2026-09-09,573cc0ef39631a4f6673ec843a8bedd4,2026-10-04T17:00:00Z,Buffalo Bills,New England Patriots,,,,,,,,,,,,,,,,,,,,,-3.0,-110,3.0,-110,,,,,,,,,,,,
2026-09-09,164e6eb68f31bac190381903c3cccd31,2026-10-04T17:00:00Z,Chicago Bears,New York Jets,,,,,,,,,,,,,,,,,,,,,-8.5,-110,8.5,-110,,,,,,,,,,,,
2026-09-09,2ea94ddf20f66432b9024fe2e2eaba5f,2026-10-04T17:00:00Z,Cincinnati Bengals,Jacksonville Jaguars,,,,,,,,,,,,,-2.5,-110,2.5,-110,,,,,-2.5,-110,2.5,-110,,,,,,,,,,,,
2026-09-09,daf55e2df5341c007fee5a0fc5bbc2d4,2026-10-04T17:00:00Z,Houston Texans,Dallas Cowboys,,,,,,,,,,,,,-2.5,-110,2.5,-110,,,,,-2.5,-110,2.5,-110,,,,,,,,,,,,
2026-09-09,99a9bae4dc0dc2590496bd3102b211f2,2026-10-04T17:00:00Z,Tampa Bay Buccaneers,Green Bay Packers,,,,,,,,,,,,,1.5,-110,-1.5,-110,,,,,1.5,-110,-1.5,-110,,,,,,,,,,,,
2026-09-09,1b4f2e60ce83fa1d63a5dff83769d27c,2026-10-04T17:00:00Z,Philadelphia Eagles,Los Angeles Rams,,,,,,,,,,,,,,,,,,,,,1.5,-110,-1.5,-110,,,,,,,,,,,,
2026-09-09,c327223d76a3b7b0db8c6c104442f44b,2026-10-04T20:05:00Z,Minnesota Vikings,Miami Dolphins,,,,,,,,,,,,,-7.5,-110,7.5,-110,,,,,-7.5,-110,7.5,-110,,,,,,,,,,,,
2026-09-09,a7e7efb75a9792ac63480ae6328dca18,2026-10-04T20:25:00Z,San Francisco 49ers,Denver Broncos,,,,,,,,,,,,,-2.5,-110,2.5,-110,,,,,-2.5,-110,2.5,-110,,,,,,,,,,,,
2026-09-09,e0cbd266dcf997089203a1b33ba0333d,2026-10-04T20:25:00Z,Las Vegas Raiders,Kansas City Chiefs,,,,,,,,,,,,,,,,,,,,,5.5,-110,-5.5,-110,,,,,,,,,,,,
2026-09-09,96d2373cda647873b971f268482bced0,2026-10-04T20:25:00Z,Seattle Seahawks,Los Angeles Chargers,,,,,,,,,,,,,-3.0,-110,3.0,-110,,,,,-3.0,-115,3.0,-105,,,,,,,,,,,,
2026-09-09,a73a76599a4f3422803e57bd8f61b626,2026-10-05T00:20:00Z,Carolina Panthers,Detroit Lions,,,,,,,,,,,,,,,,,,,,,3.0,-110,-3.0,-110,,,,,,,,,,,,
2026-09-09,8bd90781e17e6d97df3941063cedae1e,2026-10-06T00:15:00Z,New Orleans Saints,Atlanta Falcons,,,,,,,,,,,,,-2.5,-110,2.5,-110,,,,,-2.5,-110,2.5,-110,,,,,,,,,,,,
2026-09-09,259b5df9aa0d10257f56de78523495e0,2026-10-09T00:15:00Z,Dallas Cowboys,Tampa Bay Buccaneers,,,,,,,,,,,,,-3.5,-110,3.5,-110,,,,,-3.5,-110,3.5,-110,,,,,,,,,,,,
2026-09-09,21b26266f3d78af02eb672e606275d95,2026-10-11T13:30:00Z,Jacksonville Jaguars,Philadelphia Eagles,,,,,,,,,,,,,1.5,-105,-1.5,-115,,,,,1.5,-110,-1.5,-110,,,,,,,,,,,,
2026-09-09,c4647ca1201e6768501877267ca8251b,2026-10-11T17:00:00Z,Miami Dolphins,Cincinnati Bengals,,,,,,,,,,,,,5.5,-110,-5.5,-110,,,,,6.0,-110,-6.0,-110,,,,,,,,,,,,
2026-09-09,9db4ed15fe34fca1fb62f040cd244591,2026-10-11T17:00:00Z,New York Jets,Cleveland Browns,,,,,,,,,,,,,,,,,,,,,-2.5,-105,2.5,-115,,,,,,,,,,,,
2026-09-09,cc52bba56e74f5cddbe9011046181c3d,2026-10-11T17:00:00Z,Tennessee Titans,Houston Texans,,,,,,,,,,,,,3.5,-110,-3.5,-110,,,,,3.5,-110,-3.5,-110,,,,,,,,,,,,
2026-09-09,448d7cf18c6db4c811ed82ded1b72867,2026-10-11T17:00:00Z,Pittsburgh Steelers,Indianapolis Colts,,,,,,,,,,,,,-2.5,-110,2.5,-110,,,,,-2.5,-110,2.5,-110,,,,,,,,,,,,
2026-09-09,6b024bad1abb54f597225e4ab9b39d89,2026-10-11T17:00:00Z,New England Patriots,Las Vegas Raiders,,,,,,,,,,,,,,,,,,,,,-8.5,-110,8.5,-110,,,,,,,,,,,,
2026-09-09,2cda9bf0fbe35a2735f0dd8aaafe9eff,2026-10-11T17:00:00Z,New Orleans Saints,Minnesota Vikings,,,,,,,,,,,,,1.5,-115,-1.5,-105,,,,,1.5,-110,-1.5,-110,,,,,,,,,,,,
2026-09-09,fbffd0b7722fd81d68d5d62472dc80e8,2026-10-11T17:00:00Z,Washington Commanders,New York Giants,,,,,,,,,,,,,-2.5,-110,2.5,-110,,,,,-2.5,-105,2.5,-115,,,,,,,,,,,,
2026-09-09,d1d408fdfd272046fb517fe992a1c5a0,2026-10-11T20:05:00Z,Los Angeles Chargers,Denver Broncos,,,,,,,,,,,,,-2.5,-110,2.5,-110,,,,,-2.5,-110,2.5,-110,,,,,,,,,,,,
2026-09-09,f8e7f43f73aa983c5c99c189587f0118,2026-10-11T20:25:00Z,Arizona Cardinals,Detroit Lions,,,,,,,,,,,,,,,,,,,,,8.5,-110,-8.5,-110,,,,,,,,,,,,
2026-09-09,2caea57b1e5cfbba1334cfbfd46f6771,2026-10-11T20:25:00Z,Green Bay Packers,Chicago Bears,,,,,,,,,,,,,,,,,,,,,-3.0,-110,3.0,-110,,,,,,,,,,,,
2026-09-09,8e5d515b10d8a5ffb324640ed60bcc55,2026-10-11T20:25:00Z,Seattle Seahawks,San Francisco 49ers,,,,,,,,,,,,,-3.5,-110,3.5,-110,,,,,-3.5,-110,3.5,-110,,,,,,,,,,,,
2026-09-09,86457f91112732f21ad4bb7d37bd291c,2026-10-12T00:20:00Z,Atlanta Falcons,Baltimore Ravens,,,,,,,,,,,,,4.5,-110,-4.5,-110,,,,,4.5,-110,-4.5,-110,,,,,,,,,,,,
2026-09-09,e6d00eedd87d367e510314bd8cab8f6f,2026-10-13T00:15:00Z,Los Angeles Rams,Buffalo Bills,,,,,,,,,,,,,,,,,,,,,-3.0,-110,3.0,-110,,,,,,,,,,,,
2026-09-09,855f58fad5f0f14b239f4f63df27998b,2026-10-16T00:15:00Z,Denver Broncos,Seattle Seahawks,,,,,,,,,,,,,2.5,-115,-2.5,-105,,,,,2.5,-115,-2.5,-105,,,,,,,,,,,,
2026-09-09,57418b2cf5aca558b3c98eafac1e264a,2026-10-18T13:30:00Z,Jacksonville Jaguars,Houston Texans,,,,,,,,,,,,,1.5,-120,-1.5,100,,,,,-1.5,102,1.5,-122,,,,,,,,,,,,
2026-09-09,7c312fdf24fb35f58b0e07c2932cc997,2026-10-18T17:00:00Z,Atlanta Falcons,Chicago Bears,,,,,,,,,,,,,,,,,,,,,3.0,-110,-3.0,-110,,,,,,,,,,,,
2026-09-09,e86227938fd3cf008fc5648fb5128344,2026-10-18T17:00:00Z,Cleveland Browns,Baltimore Ravens,,,,,,,,,,,,,,,,,,,,,6.5,-110,-6.5,-110,,,,,,,,,,,,
2026-09-09,caca2d752fe1a1779029082e95332fcc,2026-10-18T17:00:00Z,Philadelphia Eagles,Carolina Panthers,,,,,,,,,,,,,-6.5,-110,6.5,-110,,,,,-6.5,-110,6.5,-110,,,,,,,,,,,,
2026-09-09,84aa9e190e625d7e9cd67e1f157a45b4,2026-10-18T17:00:00Z,Indianapolis Colts,Tennessee Titans,,,,,,,,,,,,,-3.5,-110,3.5,-110,,,,,-3.5,-110,3.5,-110,,,,,,,,,,,,
2026-09-09,0b0b582b32b09ab6ff6664ffae0c9653,2026-10-18T17:00:00Z,New England Patriots,New York Jets,,,,,,,,,,,,,,,,,,,,,-9.5,-110,9.5,-110,,,,,,,,,,,,
2026-09-09,1cf74afd313e9fd300e1462012b174cb,2026-10-18T17:00:00Z,New York Giants,New Orleans Saints,,,,,,,,,,,,,-2.5,-115,2.5,-105,,,,,-2.5,-110,2.5,-110,,,,,,,,,,,,
2026-09-09,27f3994841ce8081c0b7349cf3d1e3d7,2026-10-18T17:00:00Z,Tampa Bay Buccaneers,Pittsburgh Steelers,,,,,,,,,,,,,-1.5,-110,1.5,-110,,,,,-1.5,-110,1.5,-110,,,,,,,,,,,,
2026-09-09,3729ac6d2a66b642850caf2044cdc658,2026-10-18T20:05:00Z,Los Angeles Rams,Arizona Cardinals,,,,,,,,,,,,,,,,,,,,,-13.5,-112,13.5,-108,,,,,,,,,,,,
2026-09-09,45b2690b350ed45145c7a716b18e8e66,2026-10-18T20:25:00Z,Las Vegas Raiders,Buffalo Bills,,,,,,,,,,,,,,,,,,,,,6.5,-110,-6.5,-110,,,,,,,,,,,,
2026-09-09,20fefae8c296247460ba5773caa42218,2026-10-18T20:25:00Z,Kansas City Chiefs,Los Angeles Chargers,,,,,,,,,,,,,-2.5,-110,2.5,-110,,,,,-2.5,-110,2.5,-110,,,,,,,,,,,,
2026-09-09,82fd5a159fa130e67abab93a9537f70b,2026-10-19T00:20:00Z,Green Bay Packers,Dallas Cowboys,,,,,,,,,,,,,-3.0,-110,3.0,-110,,,,,-3.0,-110,3.0,-110,,,,,,,,,,,,
2026-09-09,f122527f003276d3bca19efa48c902c1,2026-10-20T00:15:00Z,San Francisco 49ers,Washington Commanders,,,,,,,,,,,,,-5.5,-110,5.5,-110,,,,,-5.5,-110,5.5,-110,,,,,,,,,,,,
2026-09-09,ffebea881c1d7b2dfb85b3e590c35985,2026-10-23T00:15:00Z,Chicago Bears,New England Patriots,,,,,,,,,,,,,,,,,,,,,-1.5,-110,1.5,-110,,,,,,,,,,,,
2026-09-09,2e710ea5a306b614f0f966e3d78732f8,2026-10-25T13:30:00Z,New Orleans Saints,Pittsburgh Steelers,,,,,,,,,,,,,2.5,-115,-2.5,-105,,,,,2.5,-110,-2.5,-110,,,,,,,,,,,,
2026-09-09,b1be064fb52a198a62109c279e7ab24c,2026-10-25T17:00:00Z,Atlanta Falcons,San Francisco 49ers,,,,,,,,,,,,,4.5,-110,-4.5,-110,,,,,4.5,-110,-4.5,-110,,,,,,,,,,,,
2026-09-09,550ec5290f935d311995affbcb0b5c79,2026-10-25T17:00:00Z,Baltimore Ravens,Cincinnati Bengals,,,,,,,,,,,,,-3.5,-110,3.5,-110,,,,,-3.5,-110,3.5,-110,,,,,,,,,,,,
2026-09-09,2823e986597c449ab94126cd5ed3fae9,2026-10-25T17:00:00Z,Carolina Panthers,Tampa Bay Buccaneers,,,,,,,,,,,,,1.5,-115,-1.5,-105,,,,,1.5,-110,-1.5,-110,,,,,,,,,,,,
2026-09-09,5dce18baccec5d3ad5fb3a3ce52f7619,2026-10-25T17:00:00Z,Tennessee Titans,Cleveland Browns,,,,,,,,,,,,,,,,,,,,,-2.5,-110,2.5,-110,,,,,,,,,,,,
2026-09-09,2bba7fde6f97d0e54403d53676e4ab63,2026-10-25T17:00:00Z,Houston Texans,New York Giants,,,,,,,,,,,,,-5.5,-110,5.5,-110,,,,,-5.5,-110,5.5,-110,,,,,,,,,,,,
2026-09-09,f3992ad4496724baf7dcd1ef58245d6b,2026-10-25T17:00:00Z,Minnesota Vikings,Indianapolis Colts,,,,,,,,,,,,,-3.0,-105,3.0,-115,,,,,-2.5,-110,2.5,-110,,,,,,,,,,,,
2026-09-09,be5dd120ca08b43d647b6caa8953500a,2026-10-25T17:00:00Z,New York Jets,Miami Dolphins,,,,,,,,,,,,,,,,,,,,,-2.5,-110,2.5,-110,,,,,,,,,,,,
2026-09-09,436119bb3ccdaa6ed7808aa3ebd82b76,2026-10-25T20:05:00Z,Arizona Cardinals,Denver Broncos,,,,,,,,,,,,,7.5,-110,-7.5,-110,,,,,7.5,-110,-7.5,-110,,,,,,,,,,,,
2026-09-09,e8e5715eefb6a9ce64765e9ddf49c0cc,2026-10-25T20:25:00Z,Detroit Lions,Green Bay Packers,,,,,,,,,,,,,,,,,,,,,-2.5,-110,2.5,-110,,,,,,,,,,,,
2026-09-09,f7679cf18454e4d88a8f2b990c3f08ac,2026-10-25T20:25:00Z,Las Vegas Raiders,Los Angeles Rams,,,,,,,,,,,,,,,,,,,,,7.5,-110,-7.5,-110,,,,,,,,,,,,
2026-09-09,176d474ed8b2bbf1eb4d7e9c56b4bf22,2026-10-26T00:20:00Z,Seattle Seahawks,Kansas City Chiefs,,,,,,,,,,,,,-3.0,-105,3.0,-115,,,,,-3.0,-110,3.0,-110,,,,,,,,,,,,
2026-09-09,4853610e63c246f2027a6a248e642c9a,2026-10-27T00:15:00Z,Philadelphia Eagles,Dallas Cowboys,,,,,,,,,,,,,-3.0,-110,3.0,-110,,,,,-3.0,-110,3.0,-110,,,,,,,,,,,,
2026-09-09,ab2865e9f2d4b012de8bc6fb6de11a7c,2026-10-30T00:15:00Z,Green Bay Packers,Carolina Panthers,,,,,,,,,,,,,-7.0,-110,7.0,-110,,,,,-7.0,-110,7.0,-110,,,,,,,,,,,,
2026-09-09,9255ca8f32aea590d00aa57de79f6bb6,2026-11-01T18:00:00Z,Dallas Cowboys,Arizona Cardinals,,,,,,,,,,,,,-10.5,-110,10.5,-110,,,,,-10.5,-110,10.5,-110,,,,,,,,,,,,
2026-09-09,921859689f5f8b3b8b1caf4248bdb1ec,2026-11-01T18:00:00Z,Tampa Bay Buccaneers,Atlanta Falcons,,,,,,,,,,,,,-4.5,-110,4.5,-110,,,,,-4.5,-110,4.5,-110,,,,,,,,,,,,
2026-09-09,c93c421e5fa46031a43162d111d981d0,2026-11-01T18:00:00Z,Buffalo Bills,Baltimore Ravens,,,,,,,,,,,,,,,,,,,,,-2.5,-110,2.5,-110,,,,,,,,,,,,
2026-09-09,9c5d8f57e0ba0fbd9ef436c1f0898f99,2026-11-01T18:00:00Z,Cincinnati Bengals,Tennessee Titans,,,,,,,,,,,,,-6.5,-115,6.5,-105,,,,,-6.5,-110,6.5,-110,,,,,,,,,,,,
2026-09-09,ab5ab731ab655bd6308bc7a922275518,2026-11-01T18:00:00Z,Pittsburgh Steelers,Cleveland Browns,,,,,,,,,,,,,,,,,,,,,-6.0,-110,6.0,-110,,,,,,,,,,,,
2026-09-09,52e7ee9c42525e6deec02da32dc2fad8,2026-11-01T18:00:00Z,Detroit Lions,Minnesota Vikings,,,,,,,,,,,,,,,,,,,,,-4.5,-110,4.5,-110,,,,,,,,,,,,
2026-09-09,159dbf0253dd2038eda2212f84387f0c,2026-11-01T18:00:00Z,Jacksonville Jaguars,Indianapolis Colts,,,,,,,,,,,,,-4.5,-110,4.5,-110,,,,,-4.5,-110,4.5,-110,,,,,,,,,,,,
2026-09-09,98f1b121b793977434c046e76c707145,2026-11-01T18:00:00Z,New York Jets,Las Vegas Raiders,,,,,,,,,,,,,,,,,,,,,-1.5,-110,1.5,-110,,,,,,,,,,,,
2026-09-09,2ff84d3f6053d083c8c0a5bebf7cdd4c,2026-11-01T21:05:00Z,Los Angeles Rams,Los Angeles Chargers,,,,,,,,,,,,,,,,,,,,,-3.5,-115,3.5,-105,,,,,,,,,,,,
2026-09-09,f2a036d5edf483a277880014861e78ad,2026-11-01T21:25:00Z,Denver Broncos,Kansas City Chiefs,,,,,,,,,,,,,-1.5,-105,1.5,-115,,,,,-1.5,-110,1.5,-110,,,,,,,,,,,,
2026-09-09,05405af79752f5e742cdf50b61f6745e,2026-11-01T21:25:00Z,Miami Dolphins,New England Patriots,,,,,,,,,,,,,7.0,-110,-7.0,-110,,,,,7.0,-110,-7.0,-110,,,,,,,,,,,,
2026-09-09,b9c60db63b1a19ad319f24b33c0defe8,2026-11-02T01:20:00Z,Washington Commanders,Philadelphia Eagles,,,,,,,,,,,,,2.5,-110,-2.5,-110,,,,,1.5,-110,-1.5,-110,,,,,,,,,,,,
2026-09-09,7d664fbcd39350e559d83c0068ba7169,2026-11-03T01:20:00Z,Seattle Seahawks,Chicago Bears,,,,,,,,,,,,,,,,,,,,,-4.5,-110,4.5,-110,,,,,,,,,,,,
2026-09-09,c75744790b7acf6260c78ba5e739c0e5,2026-11-06T01:15:00Z,Baltimore Ravens,Jacksonville Jaguars,,,,,,,,,,,,,-4.5,-110,4.5,-110,,,,,-4.5,-110,4.5,-110,,,,,,,,,,,,
2026-09-09,dc56d980f527ffeef89940133b211b13,2026-11-08T14:30:00Z,Atlanta Falcons,Cincinnati Bengals,,,,,,,,,,,,,4.5,-105,-4.5,-115,,,,,5.5,-110,-5.5,-110,,,,,,,,,,,,
2026-09-09,014282b888c741b7d70c857c09f40aa7,2026-11-08T18:00:00Z,Carolina Panthers,Denver Broncos,,,,,,,,,,,,,3.0,-110,-3.0,-110,,,,,3.0,-110,-3.0,-110,,,,,,,,,,,,
2026-09-09,e571bab6736f9338130a78a4f75c3231,2026-11-08T18:00:00Z,New Orleans Saints,Cleveland Browns,,,,,,,,,,,,,,,,,,,,,-3.5,-115,3.5,-105,,,,,,,,,,,,
2026-09-09,415fc42e72888c63e82f7bce24c65391,2026-11-08T18:00:00Z,Indianapolis Colts,Dallas Cowboys,,,,,,,,,,,,,1.5,-110,-1.5,-110,,,,,1.5,-110,-1.5,-110,,,,,,,,,,,,
2026-09-09,44d8c37868b700e90f816db7c5df5cdd,2026-11-08T18:00:00Z,Miami Dolphins,Detroit Lions,,,,,,,,,,,,,,,,,,,,,6.5,-110,-6.5,-110,,,,,,,,,,,,
2026-09-09,e354e6a04b1cb9c96e549b863debb92e,2026-11-08T18:00:00Z,Kansas City Chiefs,New York Jets,,,,,,,,,,,,,,,,,,,,,-9.5,-110,9.5,-110,,,,,,,,,,,,
2026-09-09,89de07377e0aa8ffaa2ae6a7dc0855cc,2026-11-08T18:00:00Z,Washington Commanders,Los Angeles Rams,,,,,,,,,,,,,,,,,,,,,5.5,-115,-5.5,-105,,,,,,,,,,,,
2026-09-09,fe93e6ab1e553c0169936a0a983c324f,2026-11-08T18:00:00Z,Philadelphia Eagles,New York Giants,,,,,,,,,,,,,-5.5,-110,5.5,-110,,,,,-5.5,-110,5.5,-110,,,,,,,,,,,,
2026-09-09,39aeac43cea7b12558b91cdab1255a10,2026-11-08T21:05:00Z,Los Angeles Chargers,Houston Texans,,,,,,,,,,,,,-1.5,-115,1.5,-105,,,,,-2.5,-110,2.5,-110,,,,,,,,,,,,
2026-09-09,ac9d38a18d5c92814233a31aa9a48d78,2026-11-08T21:05:00Z,San Francisco 49ers,Las Vegas Raiders,,,,,,,,,,,,,,,,,,,,,-8.5,-110,8.5,-110,,,,,,,,,,,,
2026-09-09,240e23b02b1e3fef655d04a286b5a623,2026-11-08T21:25:00Z,Seattle Seahawks,Arizona Cardinals,,,,,,,,,,,,,-13.5,-110,13.5,-110,,,,,-13.5,-110,13.5,-110,,,,,,,,,,,,
2026-09-09,2922c573ec3df8466c4a34975e446898,2026-11-08T21:25:00Z,New England Patriots,Green Bay Packers,,,,,,,,,,,,,-1.5,-110,1.5,-110,,,,,-1.5,-110,1.5,-110,,,,,,,,,,,,
2026-09-09,9760d8f19f84bfee300a74ceb656c95d,2026-11-09T01:20:00Z,Chicago Bears,Tampa Bay Buccaneers,,,,,,,,,,,,,,,,,,,,,-3.5,-110,3.5,-110,,,,,,,,,,,,
2026-09-09,17ad7eff2f7875e20a8109abe40470e3,2026-11-10T01:15:00Z,Minnesota Vikings,Buffalo Bills,,,,,,,,,,,,,,,,,,,,,3.0,-110,-3.0,-110,,,,,,,,,,,,
2026-09-09,74d39e19225caf211ad2c8eb4110179f,2026-11-13T01:15:00Z,New York Giants,Washington Commanders,,,,,,,,,,,,,,,,,,,,,-1.5,-110,1.5,-110,,,,,,,,,,,,
2026-09-09,3c71d515b726f1096aabb435badb83fd,2026-11-15T18:00:00Z,Atlanta Falcons,Kansas City Chiefs,,,,,,,,,,,,,,,,,,,,,4.5,-110,-4.5,-110,,,,,,,,,,,,
2026-09-09,1057d50949844ddf483da9c8c20354be,2026-11-15T18:00:00Z,New York Jets,Buffalo Bills,,,,,,,,,,,,,,,,,,,,,7.0,-105,-7.0,-115,,,,,,,,,,,,
2026-09-09,e5aa20e1364dd639f042af1c2281bbe2,2026-11-15T18:00:00Z,New Orleans Saints,Carolina Panthers,,,,,,,,,,,,,-1.5,-110,1.5,-110,,,,,-1.5,-105,1.5,-115,,,,,,,,,,,,
2026-09-09,be0e03cc42fbc9b6962467b22c7bf9dd,2026-11-15T18:00:00Z,Cleveland Browns,Houston Texans,,,,,,,,,,,,,,,,,,,,,4.5,-110,-4.5,-110,,,,,,,,,,,,
2026-09-09,5d8d85473b87f772a979ecf294acab94,2026-11-15T18:00:00Z,Green Bay Packers,Minnesota Vikings,,,,,,,,,,,,,-4.5,-110,4.5,-110,,,,,-4.5,-110,4.5,-110,,,,,,,,,,,,
2026-09-09,b5700b4d938fd94429f60d4622cc9c0a,2026-11-15T18:00:00Z,Indianapolis Colts,Miami Dolphins,,,,,,,,,,,,,,,,,,,,,-6.5,-110,6.5,-110,,,,,,,,,,,,
2026-09-09,28800df7e768ecec14f116454d560f9b,2026-11-15T18:00:00Z,Tennessee Titans,Jacksonville Jaguars,,,,,,,,,,,,,2.5,-110,-2.5,-110,,,,,2.5,-110,-2.5,-110,,,,,,,,,,,,
2026-09-09,6c932a965110f3f89ec4a5f1a6ac256e,2026-11-15T21:05:00Z,Arizona Cardinals,Los Angeles Rams,,,,,,,,,,,,,,,,,,,,,10.5,-110,-10.5,-110,,,,,,,,,,,,
2026-09-09,6079a5cbabf99b265a17edfc92a1da60,2026-11-15T21:05:00Z,Las Vegas Raiders,Seattle Seahawks,,,,,,,,,,,,,7.0,-110,-7.0,-110,,,,,7.0,-110,-7.0,-110,,,,,,,,,,,,
2026-09-09,7627192fd89b05120ab6c712aa23fd81,2026-11-15T21:25:00Z,Dallas Cowboys,San Francisco 49ers,,,,,,,,,,,,,,,,,,,,,-1.5,-105,1.5,-115,,,,,,,,,,,,
2026-09-09,48e497c230e6c9afcb3b600091d28e17,2026-11-16T01:20:00Z,Cincinnati Bengals,Pittsburgh Steelers,,,,,,,,,,,,,-3.5,-110,3.5,-110,,,,,-3.5,-110,3.5,-110,,,,,,,,,,,,
2026-09-09,35e3bdff558b5d1506251e814986f164,2026-11-17T01:15:00Z,Baltimore Ravens,Los Angeles Chargers,,,,,,,,,,,,,-2.5,-110,2.5,-110,,,,,-3.5,-110,3.5,-110,,,,,,,,,,,,
2026-09-09,66f9e83cf025d58acee12bce18661fb3,2026-11-20T01:15:00Z,Houston Texans,Indianapolis Colts,,,,,,,,,,,,,,,,,,,,,-5.5,-110,5.5,-110,,,,,,,,,,,,
2026-09-09,403a88701352da05b0710a9e883b803e,2026-11-22T18:00:00Z,Kansas City Chiefs,Arizona Cardinals,,,,,,,,,,,,,-11.5,-110,11.5,-110,,,,,-11.5,-110,11.5,-110,,,,,,,,,,,,
2026-09-09,4527f57f5bc32742d8194af1ccf7da7e,2026-11-22T18:00:00Z,Carolina Panthers,Baltimore Ravens,,,,,,,,,,,,,4.5,-110,-4.5,-110,,,,,4.5,-110,-4.5,-110,,,,,,,,,,,,
2026-09-09,4c5b1c0843a260278e95eb93e7787576,2026-11-22T18:00:00Z,Buffalo Bills,Miami Dolphins,,,,,,,,,,,,,,,,,,,,,-11.5,-110,11.5,-110,,,,,,,,,,,,
2026-09-09,3ea90704fb576633bd1e2fa5aafd9ea3,2026-11-22T18:00:00Z,Chicago Bears,New Orleans Saints,,,,,,,,,,,,,,,,,,,,,-6.5,-110,6.5,-110,,,,,,,,,,,,
2026-09-09,5e63079b678f8c13419adc169fff02d3,2026-11-22T18:00:00Z,Dallas Cowboys,Tennessee Titans,,,,,,,,,,,,,,,,,,,,,-6.5,-110,6.5,-110,,,,,,,,,,,,
2026-09-09,41e2dd69bddd65d7e823d9ed61cc2afc,2026-11-22T18:00:00Z,Detroit Lions,Tampa Bay Buccaneers,,,,,,,,,,,,,,,,,,,,,-4.5,-110,4.5,-110,,,,,,,,,,,,
2026-09-09,8ba112fabf4e87639338a5f437c5abfe,2026-11-22T18:00:00Z,New York Giants,Jacksonville Jaguars,,,,,,,,,,,,,,,,,,,,,1.5,-110,-1.5,-110,,,,,,,,,,,,
2026-09-09,4b20b742b6168aaca4f25d87f11b1526,2026-11-22T21:05:00Z,Los Angeles Chargers,New York Jets,,,,,,,,,,,,,,,,,,,,,-9.5,-110,9.5,-110,,,,,,,,,,,,
2026-09-09,1940706a79cbcbafacdcbf231069716b,2026-11-22T21:25:00Z,Denver Broncos,Las Vegas Raiders,,,,,,,,,,,,,,,,,,,,,-7.5,-110,7.5,-110,,,,,,,,,,,,
2026-09-09,cbe45bafcc2615fc1d96cbc12840377a,2026-11-22T21:25:00Z,Philadelphia Eagles,Pittsburgh Steelers,,,,,,,,,,,,,-5.5,-110,5.5,-110,,,,,-5.5,-110,5.5,-110,,,,,,,,,,,,
2026-09-09,60e1d27b083a335b722c2c852ea85612,2026-11-23T01:20:00Z,San Francisco 49ers,Minnesota Vikings,,,,,,,,,,,,,-3.5,-110,3.5,-110,,,,,-3.5,-110,3.5,-110,,,,,,,,,,,,
2026-09-09,3a60ed1d20004aa4d4772b2c1a2272e7,2026-11-24T01:15:00Z,Washington Commanders,Cincinnati Bengals,,,,,,,,,,,,,1.5,-110,-1.5,-110,,,,,1.5,-110,-1.5,-110,,,,,,,,,,,,
2026-09-09,5b612899d6dcdf998107f2c6c6e49a58,2026-11-26T01:00:00Z,Los Angeles Rams,Green Bay Packers,,,,,,,,,,,,,,,,,,,,,-4.5,-115,4.5,-105,,,,,,,,,,,,
2026-09-09,9b825e6518156008da499be041975fdd,2026-11-26T18:00:00Z,Detroit Lions,Chicago Bears,,,,,,,,,,,,,,,,,,,,,-2.5,-115,2.5,-105,,,,,,,,,,,,
2026-09-09,ffaa06af56a7137d4b078c5c46c0b730,2026-11-26T20:30:00Z,Dallas Cowboys,Philadelphia Eagles,,,,,-1.0,-115,1.0,-105,,,,,,,,,,,,,-1.5,-110,1.5,-110,,,,,-1.0,-110,1.0,100,,,,
2026-09-09,f36f518585aec40e8cb40e071c0844aa,2026-11-27T01:20:00Z,Buffalo Bills,Kansas City Chiefs,,,,,,,,,,,,,,,,,,,,,-2.5,-115,2.5,-105,,,,,,,,,,,,
2026-09-09,44a3bcf5bd002583ddef2207a92dd977,2026-11-27T20:00:00Z,Pittsburgh Steelers,Denver Broncos,,,,,,,,,,,,,,,,,,,,,1.5,-110,-1.5,-110,,,,,,,,,,,,
2026-09-09,6a05021bdb6bab24b9bb381ffff10f0c,2026-11-29T18:00:00Z,Minnesota Vikings,Atlanta Falcons,,,,,,,,,,,,,,,,,,,,,-4.5,-110,4.5,-110,,,,,,,,,,,,
2026-09-09,60d0c074801985c1062795362a24200e,2026-11-29T18:00:00Z,Houston Texans,Baltimore Ravens,,,,,,,,,,,,,,,,,,,,,-1.5,-110,1.5,-110,,,,,,,,,,,,
2026-09-09,f7d3ae7a8fe2438cef7d7d7bc67e31db,2026-11-29T18:00:00Z,Cincinnati Bengals,New Orleans Saints,,,,,,,,,,,,,-6.5,-110,6.5,-110,,,,,-6.5,-110,6.5,-110,,,,,,,,,,,,
2026-09-09,eaa993c3d62d6b5aeb6142cdd7862fd5,2026-11-29T18:00:00Z,Cleveland Browns,Las Vegas Raiders,,,,,,,,,,,,,,,,,,,,,-1.5,-110,1.5,-110,,,,,,,,,,,,
2026-09-09,e9da808e36e1b7475698a57465ad4519,2026-11-29T18:00:00Z,Indianapolis Colts,New York Giants,,,,,,,,,,,,,,,,,,,,,-2.5,-110,2.5,-110,,,,,,,,,,,,
2026-09-09,81a8fee5b649a3ad5ad59e9528f2f376,2026-11-29T18:00:00Z,Jacksonville Jaguars,Tennessee Titans,,,,,,,,,,,,,-5.5,-110,5.5,-110,,,,,-5.5,-110,5.5,-110,,,,,,,,,,,,
2026-09-09,5ea0e3ea5944b0ad5169f21c0787b331,2026-11-29T18:00:00Z,Miami Dolphins,New York Jets,,,,,,,,,,,,,,,,,,,,,-1.5,-110,1.5,-110,,,,,,,,,,,,
2026-09-09,69a1dbe9de3d3212c3a7a55be5d204ab,2026-11-29T21:25:00Z,Arizona Cardinals,Washington Commanders,,,,,,,,,,,,,4.5,-110,-4.5,-110,,,,,4.5,-110,-4.5,-110,,,,,,,,,,,,
2026-09-09,d68dced0b26726890b9c79bd19a5ffe5,2026-11-29T21:25:00Z,San Francisco 49ers,Seattle Seahawks,,,,,,,,,,,,,-1.5,100,1.5,-120,,,,,-1.5,105,1.5,-125,,,,,,,,,,,,
2026-09-09,c64ceba13ede564e8658693e3171e7f9,2026-11-30T01:20:00Z,Los Angeles Chargers,New England Patriots,,,,,,,,,,,,,-2.5,-110,2.5,-110,,,,,-1.5,-110,1.5,-110,,,,,,,,,,,,
2026-09-09,2cdaecba7c0bff9b58a48a82e6ee17a7,2026-12-01T01:15:00Z,Tampa Bay Buccaneers,Carolina Panthers,,,,,,,,,,,,,-3.5,-110,3.5,-110,,,,,-3.5,-110,3.5,-110,,,,,,,,,,,,
2026-09-09,06e52a676b516186989e3b181a37c8a7,2026-12-04T01:15:00Z,Los Angeles Rams,Kansas City Chiefs,,,,,,,,,,,,,,,,,,,,,-3.5,-115,3.5,-105,,,,,,,,,,,,
2026-09-09,c94419ba8fb818fc36a5b21b526aab75,2026-12-06T18:00:00Z,Atlanta Falcons,Detroit Lions,,,,,,,,,,,,,,,,,,,,,3.5,-110,-3.5,-110,,,,,,,,,,,,
2026-09-09,0236f9aa68d65ea03bd1ca025b749c20,2026-12-06T18:00:00Z,Chicago Bears,Jacksonville Jaguars,,,,,,,,,,,,,,,,,,,,,-3.0,-105,3.0,-115,,,,,,,,,,,,
2026-09-09,b447fab53534af892f98a74eae26c1c6,2026-12-06T18:00:00Z,Cleveland Browns,Cincinnati Bengals,,,,,,,,,,,,,,,,,,,,,4.5,-110,-4.5,-110,,,,,,,,,,,,
2026-09-09,9a55467e1cd6310ae2af20d8154612e1,2026-12-06T18:00:00Z,Denver Broncos,Miami Dolphins,,,,,,,,,,,,,,,,,,,,,-9.5,-110,9.5,-110,,,,,,,,,,,,
2026-09-09,1ccb61b811b7aae4270df22a67e6459f,2026-12-06T18:00:00Z,New Orleans Saints,Green Bay Packers,,,,,,,,,,,,,4.5,-110,-4.5,-110,,,,,4.5,-110,-4.5,-110,,,,,,,,,,,,
2026-09-09,f8a92363386bd337975650879086cca6,2026-12-06T18:00:00Z,Tampa Bay Buccaneers,Los Angeles Chargers,,,,,,,,,,,,,1.5,-110,-1.5,-110,,,,,2.5,-110,-2.5,-110,,,,,,,,,,,,
2026-09-09,a5495c3360b3bb13da76ba23a675c9ef,2026-12-06T18:00:00Z,New York Giants,San Francisco 49ers,,,,,,,,,,,,,,,,,,,,,3.0,-110,-3.0,-110,,,,,,,,,,,,
2026-09-09,ae3429e95ee704c7fd001cade20072d0,2026-12-06T18:00:00Z,Tennessee Titans,Washington Commanders,,,,,,,,,,,,,1.5,-120,-1.5,100,,,,,1.5,-110,-1.5,-110,,,,,,,,,,,,
2026-09-09,f4897f48a5351881280f7598bd826408,2026-12-06T21:05:00Z,Arizona Cardinals,Philadelphia Eagles,,,,,,,,,,,,,8.5,-110,-8.5,-110,,,,,8.5,-110,-8.5,-110,,,,,,,,,,,,
2026-09-09,4116dbff75ab7957b69c2152f204b74d,2026-12-06T21:25:00Z,New England Patriots,Buffalo Bills,,,,,,,,,,,,,,,,,,,,,-1.5,-108,1.5,-112,,,,,,,,,,,,
2026-09-09,c186c605febd6370b292469c9151cfb3,2026-12-06T21:25:00Z,Minnesota Vikings,Carolina Panthers,,,,,,,,,,,,,-3.5,-110,3.5,-110,,,,,-3.5,-110,3.5,-110,,,,,,,,,,,,
2026-09-09,26bf8e165d2d273ed0772a355f07ab16,2026-12-07T01:20:00Z,Pittsburgh Steelers,Houston Texans,,,,,,,,,,,,,,,,,,,,,1.5,-110,-1.5,-110,,,,,,,,,,,,
2026-09-09,0db4646c964ecdff19957373fe707546,2026-12-08T01:15:00Z,Seattle Seahawks,Dallas Cowboys,,,,,,,,,,,,,,,,,,,,,-4.5,-110,4.5,-110,,,,,,,,,,,,
2026-09-09,01548e41e7ba5318bb25c9bc2a32f73d,2026-12-11T01:15:00Z,New England Patriots,Minnesota Vikings,,,,,,,,,,,,,-4.5,-110,4.5,-110,,,,,-4.5,-110,4.5,-110,,,,,,,,,,,,
2026-09-09,f7fba6b1804e02292ee0ce4738484258,2026-12-13T18:00:00Z,Cleveland Browns,Atlanta Falcons,,,,,,,,,,,,,,,,,,,,,-1.5,-110,1.5,-110,,,,,,,,,,,,
2026-09-09,bec99e2f2b4c80e345731d69ee38d831,2026-12-13T18:00:00Z,Baltimore Ravens,Tampa Bay Buccaneers,,,,,,,,,,,,,-6.0,-110,6.0,-110,,,,,-6.0,-110,6.0,-110,,,,,,,,,,,,
2026-09-09,dcc7b377d3b3ec990304612bbef47d3d,2026-12-13T18:00:00Z,Carolina Panthers,New Orleans Saints,,,,,,,,,,,,,-2.5,-110,2.5,-110,,,,,-2.5,-110,2.5,-110,,,,,,,,,,,,
2026-09-09,2c6added7199a59f1e9dae8492c29da4,2026-12-13T18:00:00Z,Miami Dolphins,Chicago Bears,,,,,,,,,,,,,,,,,,,,,5.5,-110,-5.5,-110,,,,,,,,,,,,
2026-09-09,5185ace33aebc87d39074147940f2fa5,2026-12-13T18:00:00Z,New York Jets,Denver Broncos,,,,,,,,,,,,,,,,,,,,,5.5,-110,-5.5,-110,,,,,,,,,,,,
2026-09-09,a31f461ccd92e1072f23ccfae281ae9a,2026-12-13T18:00:00Z,Detroit Lions,Tennessee Titans,,,,,,,,,,,,,,,,,,,,,-7.5,-110,7.5,-110,,,,,,,,,,,,
2026-09-09,5dc9cb8fba610d682dc670ae4e7d59f3,2026-12-13T18:00:00Z,Washington Commanders,Houston Texans,,,,,,,,,,,,,,,,,,,,,1.5,-110,-1.5,-110,,,,,,,,,,,,
2026-09-09,45203f985f8d1567ad19b0617dd267f8,2026-12-13T18:00:00Z,Philadelphia Eagles,Indianapolis Colts,,,,,,,,,,,,,-5.5,-110,5.5,-110,,,,,-5.5,-110,5.5,-110,,,,,,,,,,,,
2026-09-09,484c491dc1dee090d740ba077b7d9709,2026-12-13T21:05:00Z,Las Vegas Raiders,Los Angeles Chargers,,,,,,,,,,,,,,,,,,,,,5.5,-110,-5.5,-110,,,,,,,,,,,,
2026-09-09,180b5fa7ea6bd0d2d9ddb9ba5ee38cc0,2026-12-13T21:25:00Z,Cincinnati Bengals,Kansas City Chiefs,,,,,,,,,,,,,-1.5,100,1.5,-120,,,,,-1.5,-110,1.5,-110,,,,,,,,,,,,
2026-09-09,6174916c7e2df8d1b80a88cfbd259d44,2026-12-13T21:25:00Z,San Francisco 49ers,Los Angeles Rams,,,,,,,,,,,,,,,,,,,,,1.5,-105,-1.5,-115,,,,,,,,,,,,
2026-09-09,f5ab9d8455daf9e2a6c4c443fe0cd19f,2026-12-13T21:25:00Z,Seattle Seahawks,New York Giants,,,,,,,,,,,,,,,,,,,,,-7.5,-110,7.5,-110,,,,,,,,,,,,
2026-09-09,c4877c048defcb80e0ab37c0688f37f6,2026-12-14T01:20:00Z,Green Bay Packers,Buffalo Bills,,,,,,,,,,,,,,,,,,,,,-1.5,-110,1.5,-110,,,,,,,,,,,,
2026-09-09,690e2ee2ed5f0875f7cbaecdc51373f5,2026-12-15T01:15:00Z,Jacksonville Jaguars,Pittsburgh Steelers,,,,,,,,,,,,,-3.0,-110,3.0,-110,,,,,-3.0,-110,3.0,-110,,,,,,,,,,,,
2026-09-09,790af233087803c297861901ffa271d7,2026-12-18T01:15:00Z,Los Angeles Chargers,San Francisco 49ers,,,,,,,,,,,,,-2.5,-110,2.5,-110,,,,,-2.5,-110,2.5,-110,,,,,,,,,,,,
2026-09-09,171aba127aaad3dcbe32a02fc194eb32,2026-12-19T22:00:00Z,Philadelphia Eagles,Seattle Seahawks,,,,,,,,,,,,,-1.5,100,1.5,-120,,,,,-1.5,-110,1.5,-110,,,,,,,,,,,,
2026-09-09,784568b1df055bf7eb8780c110d5e910,2026-12-20T01:20:00Z,Buffalo Bills,Chicago Bears,,,,,,,,,,,,,,,,,,,,,-3.5,-110,3.5,-110,,,,,,,,,,,,
2026-09-09,5931eee49f5f2656a5344e1388a68816,2026-12-20T18:00:00Z,Washington Commanders,Atlanta Falcons,,,,,,,,,,,,,,,,,,,,,-3.5,-110,3.5,-110,,,,,,,,,,,,
2026-09-09,2f4b1899c1c278947920e0254b682d90,2026-12-20T18:00:00Z,Pittsburgh Steelers,Baltimore Ravens,,,,,,,,,,,,,2.5,-110,-2.5,-110,,,,,2.5,100,-2.5,-120,,,,,,,,,,,,
2026-09-09,000fc688beb4fc004ecdad115d9adb1c,2026-12-20T18:00:00Z,Carolina Panthers,Cincinnati Bengals,,,,,,,,,,,,,2.5,-110,-2.5,-110,,,,,2.5,100,-2.5,-120,,,,,,,,,,,,
2026-09-09,1cb23c83ae4af84cffcdae6b31d06e83,2026-12-20T18:00:00Z,New York Giants,Cleveland Browns,,,,,,,,,,,,,,,,,,,,,-4.5,-110,4.5,-110,,,,,,,,,,,,
2026-09-09,99719df35bc2efdcc72096f865ed8841,2026-12-20T18:00:00Z,Green Bay Packers,Miami Dolphins,,,,,,,,,,,,,,,,,,,,,-10.5,-110,10.5,-110,,,,,,,,,,,,
2026-09-09,29211b6e78461220a2833184233f70e5,2026-12-20T18:00:00Z,Houston Texans,Jacksonville Jaguars,,,,,,,,,,,,,,,,,,,,,-3.0,-110,3.0,-110,,,,,,,,,,,,
2026-09-09,3b696c07ff6a1ef461d023a73db17584,2026-12-20T18:00:00Z,Tennessee Titans,Indianapolis Colts,,,,,,,,,,,,,1.5,-110,-1.5,-110,,,,,1.5,-110,-1.5,-110,,,,,,,,,,,,
2026-09-09,e15a91cebf3480ff0b93b4fbacb09797,2026-12-20T18:00:00Z,Tampa Bay Buccaneers,New Orleans Saints,,,,,,,,,,,,,-3.5,-115,3.5,-105,,,,,-3.5,-110,3.5,-110,,,,,,,,,,,,
2026-09-09,d8cd12e7684fa2aa39f5b188ef6e62e0,2026-12-20T21:05:00Z,Arizona Cardinals,New York Jets,,,,,,,,,,,,,,,,,,,,,1.5,-122,-1.5,102,,,,,,,,,,,,
2026-09-09,77396e9d565860fbfd05779028223a8a,2026-12-20T21:25:00Z,Los Angeles Rams,Dallas Cowboys,,,,,,,,,,,,,,,,,,,,,-6.0,-108,6.0,-112,,,,,,,,,,,,
2026-09-09,9f507007b9c0a7082c1471a5fa841336,2026-12-20T21:25:00Z,Las Vegas Raiders,Denver Broncos,,,,,,,,,,,,,,,,,,,,,4.5,-110,-4.5,-110,,,,,,,,,,,,
2026-09-09,b34897a0368d570291d44e176c0c2331,2026-12-21T01:20:00Z,Minnesota Vikings,Detroit Lions,,,,,,,,,,,,,,,,,,,,,1.5,-110,-1.5,-110,,,,,,,,,,,,
2026-09-09,b2759105c27a25289ea1938f290c50fd,2026-12-22T01:15:00Z,Kansas City Chiefs,New England Patriots,,,,,,,,,,,,,-2.5,-110,2.5,-110,,,,,-2.5,-110,2.5,-110,,,,,,,,,,,,
2026-09-09,3f226ec5402c6ec4d84a59be80c2fa67,2026-12-25T01:15:00Z,Philadelphia Eagles,Houston Texans,,,,,,,,,,,,,,,,,,,,,-2.5,-108,2.5,-112,,,,,,,,,,,,
2026-09-09,2828c07018dfafbe96aba205809cc7ac,2026-12-25T18:00:00Z,Chicago Bears,Green Bay Packers,,,,,,,,,,,,,,,,,,,,,-1.5,-105,1.5,-115,,,,,,,,,,,,
2026-09-09,126f27c71e8130ef87de0d137e833d9b,2026-12-25T21:30:00Z,Denver Broncos,Buffalo Bills,,,,,,,,,,,,,,,,,,,,,1.5,-105,-1.5,-115,,,,,,,,,,,,
2026-09-09,f1af9705dbd2bbe4f1555f080ad06ba2,2026-12-26T01:15:00Z,Seattle Seahawks,Los Angeles Rams,,,,,,,,,,,,,,,,,,,,,-1.5,-115,1.5,-105,,,,,,,,,,,,
2026-09-09,8fd00347b6d77ce384d83cba814430d7,2026-12-27T18:00:00Z,New Orleans Saints,Arizona Cardinals,,,,,,,,,,,,,-5.5,-110,5.5,-110,,,,,-5.5,-110,5.5,-110,,,,,,,,,,,,
2026-09-09,bd13d00f06ad222b0a1b6ea4d0add763,2026-12-27T18:00:00Z,Atlanta Falcons,Tampa Bay Buccaneers,,,,,,,,,,,,,,,,,,,,,1.5,-110,-1.5,-110,,,,,,,,,,,,
2026-09-09,0f23afce92c2f0af28973c0a7533763e,2026-12-27T18:00:00Z,Baltimore Ravens,Cleveland Browns,,,,,,,,,,,,,-9.5,-110,9.5,-110,,,,,-10.0,-110,10.0,-110,,,,,,,,,,,,
2026-09-09,74cb0e112d069cdbda1671ae85531f43,2026-12-27T18:00:00Z,Pittsburgh Steelers,Carolina Panthers,,,,,,,,,,,,,-3.5,-110,3.5,-110,,,,,-3.5,-110,3.5,-110,,,,,,,,,,,,
2026-09-09,ca8982dccb6c3ae01525800317287f02,2026-12-27T18:00:00Z,Indianapolis Colts,Cincinnati Bengals,,,,,,,,,,,,,1.5,-110,-1.5,-110,,,,,1.5,-110,-1.5,-110,,,,,,,,,,,,
2026-09-09,29425f5c68826d615277cf9be2b82e00,2026-12-27T18:00:00Z,Las Vegas Raiders,Tennessee Titans,,,,,,,,,,,,,,,,,,,,,-1.5,-110,1.5,-110,,,,,,,,,,,,
2026-09-09,fe2eb511d4c2da3a8e88b85b4f4e9f7e,2026-12-27T18:00:00Z,Miami Dolphins,Los Angeles Chargers,,,,,,,,,,,,,,,,,,,,,7.0,-108,-7.0,-112,,,,,,,,,,,,
2026-09-09,cf5cefa5556bcd0156bd394171ef6c8e,2026-12-27T18:00:00Z,Minnesota Vikings,Washington Commanders,,,,,,,,,,,,,-2.5,-110,2.5,-110,,,,,-2.5,-110,2.5,-110,,,,,,,,,,,,
2026-09-09,669a7b568c2a64f9a136dadb0eda1da8,2026-12-27T18:00:00Z,New York Jets,New England Patriots,,,,,,,,,,,,,,,,,,,,,6.5,-110,-6.5,-110,,,,,,,,,,,,
2026-09-09,fc7cce3ae7c73cc7151357829e11b6d5,2026-12-27T21:25:00Z,Kansas City Chiefs,San Francisco 49ers,,,,,,,,,,,,,-2.5,-120,2.5,100,,,,,-3.0,-102,3.0,-118,,,,,,,,,,,,
2026-09-09,b1c4ec04c3398a9efa25492000858384,2026-12-28T01:20:00Z,Dallas Cowboys,Jacksonville Jaguars,,,,,,,,,,,,,,,,,,,,,-3.0,-102,3.0,-118,,,,,,,,,,,,
2026-09-09,ca92c191ebf7361ea56f9bbc09a5f51b,2026-12-29T01:15:00Z,Detroit Lions,New York Giants,,,,,,,,,,,,,,,,,,,,,-4.5,-110,4.5,-110,,,,,,,,,,,,
2026-09-09,be268ce293cf4fad1c0c867a3ca4c257,2027-01-01T01:15:00Z,Cincinnati Bengals,Baltimore Ravens,,,,,,,,,,,,,-2.5,-105,2.5,-115,,,,,-2.5,-110,2.5,-110,,,,,,,,,,,,
2026-09-09,e5dd9cc3fd5452d55c250949e946743d,2027-01-03T18:00:00Z,Atlanta Falcons,New Orleans Saints,,,,,,,,,,,,,,,,,,,,,-1.5,-110,1.5,-110,,,,,,,,,,,,
2026-09-09,d9a186d988a3ede2a33e504f4890fe52,2027-01-03T18:00:00Z,Miami Dolphins,Buffalo Bills,,,,,,,,,,,,,,,,,,,,,7.5,-110,-7.5,-110,,,,,,,,,,,,
2026-09-09,b009f04b4f61b264a5163157c3439dc1,2027-01-03T18:00:00Z,Carolina Panthers,Seattle Seahawks,,,,,,,,,,,,,5.5,-110,-5.5,-110,,,,,5.5,-110,-5.5,-110,,,,,,,,,,,,
2026-09-09,f2e03f9b857485bb13211ee0f5eb5935,2027-01-03T18:00:00Z,Cleveland Browns,Indianapolis Colts,,,,,,,,,,,,,,,,,,,,,2.5,-110,-2.5,-110,,,,,,,,,,,,
2026-09-09,c8945d476449633912cf51a346ac98ca,2027-01-03T18:00:00Z,Dallas Cowboys,New York Giants,,,,,,,,,,,,,,,,,,,,,-4.5,-110,4.5,-110,,,,,,,,,,,,
2026-09-09,f62dba1e231083f489c391271a1f171c,2027-01-03T18:00:00Z,New England Patriots,Denver Broncos,,,,,,,,,,,,,,,,,,,,,-2.5,-110,2.5,-110,,,,,,,,,,,,
2026-09-09,c96a3e9e40569b4ed5a546dff131c61d,2027-01-03T18:00:00Z,Jacksonville Jaguars,Washington Commanders,,,,,,,,,,,,,-3.5,-110,3.5,-110,,,,,-3.5,-110,3.5,-110,,,,,,,,,,,,
2026-09-09,419106b9bcc9f7ef39cfc2d1ee9a3f87,2027-01-03T18:00:00Z,Tampa Bay Buccaneers,Los Angeles Rams,,,,,,,,,,,,,,,,,,,,,4.5,-110,-4.5,-110,,,,,,,,,,,,
2026-09-09,bfe51fa0034c9d22a69ffd80e2d717f5,2027-01-03T18:00:00Z,New York Jets,Minnesota Vikings,,,,,,,,,,,,,,,,,,,,,3.5,-110,-3.5,-110,,,,,,,,,,,,
2026-09-09,d0ffa5ed13cbd7610f9176041464404a,2027-01-03T18:00:00Z,Tennessee Titans,Pittsburgh Steelers,,,,,,,,,,,,,1.5,-110,-1.5,-110,,,,,1.5,-110,-1.5,-110,,,,,,,,,,,,
2026-09-09,08abdb683fcb6d77f66baed136f47283,2027-01-03T21:05:00Z,Arizona Cardinals,Las Vegas Raiders,,,,,,,,,,,,,,,,,,,,,1.5,-105,-1.5,-115,,,,,,,,,,,,
2026-09-09,12089441cea51add4694cdde98b4a5b7,2027-01-03T21:25:00Z,Chicago Bears,Detroit Lions,,,,,,,,,,,,,,,,,,,,,-1.5,-110,1.5,-110,,,,,,,,,,,,
2026-09-09,67d842cb73300ef923959105698b63bb,2027-01-03T21:25:00Z,Los Angeles Chargers,Kansas City Chiefs,,,,,,,,,,,,,-1.5,-110,1.5,-110,,,,,-1.5,-110,1.5,-110,,,,,,,,,,,,
2026-09-09,e7820b1226edbb1ef1fddce6b20f963d,2027-01-04T01:20:00Z,San Francisco 49ers,Philadelphia Eagles,,,,,,,,,,,,,-1.5,-110,1.5,-110,,,,,-1.5,-110,1.5,-110,,,,,,,,,,,,
2026-09-09,37bc346543da471e067b695b862ccfe9,2027-01-05T01:15:00Z,Green Bay Packers,Houston Texans,,,,,,,,,,,,,,,,,,,,,-2.5,-110,2.5,-110,,,,,,,,,,,,
2026-09-09,7f809a45bc8baedf0cb0259e7da7cd29,2027-01-10T18:00:00Z,Carolina Panthers,Atlanta Falcons,,,,,,,,,,,,,,,,,,,,,-2.5,-110,2.5,-110,,,,,,,,,,,,
2026-09-09,d7da5587a88a7fc35c36b453d3264d5a,2027-01-10T18:00:00Z,Baltimore Ravens,Pittsburgh Steelers,,,,,,,,,,,,,-5.5,-110,5.5,-110,,,,,-5.5,-110,5.5,-110,,,,,,,,,,,,
2026-09-09,97cbd9ad26dff1af47192120defe112d,2027-01-10T18:00:00Z,Buffalo Bills,New York Jets,,,,,,,,,,,,,,,,,,,,,-10.0,-110,10.0,-110,,,,,,,,,,,,
2026-09-09,d190fb7ea85c33b96a495041dad22142,2027-01-10T18:00:00Z,Minnesota Vikings,Chicago Bears,,,,,,,,,,,,,,,,,,,,,-1.5,-110,1.5,-110,,,,,,,,,,,,
2026-09-09,8c16104c8afc72b583531508b2aa1c33,2027-01-10T18:00:00Z,Cincinnati Bengals,Cleveland Browns,,,,,,,,,,,,,,,,,,,,,-7.5,-110,7.5,-110,,,,,,,,,,,,
2026-09-09,3f460f14b810d7bf642bdf7b658530c0,2027-01-10T18:00:00Z,Washington Commanders,Dallas Cowboys,,,,,,,,,,,,,,,,,,,,,1.5,-110,-1.5,-110,,,,,,,,,,,,
2026-09-09,71d0d10e384393c1e071c39dd3931c19,2027-01-10T18:00:00Z,Denver Broncos,Los Angeles Chargers,,,,,,,,,,,,,,,,,,,,,-1.5,-110,1.5,-110,,,,,,,,,,,,
2026-09-09,8f81778bbdb984be44e24a3d55a49b4d,2027-01-10T18:00:00Z,Green Bay Packers,Detroit Lions,,,,,,,,,,,,,,,,,,,,,-2.5,-110,2.5,-110,,,,,,,,,,,,
2026-09-09,9bb63096709ba607443c454d2a813b14,2027-01-10T18:00:00Z,Houston Texans,Tennessee Titans,,,,,,,,,,,,,,,,,,,,,-7.0,-110,7.0,-110,,,,,,,,,,,,
2026-09-09,bea47af467e217653bba8d69888e4d95,2027-01-10T18:00:00Z,Indianapolis Colts,Jacksonville Jaguars,,,,,,,,,,,,,-1.5,100,1.5,-120,,,,,-1.5,-110,1.5,-110,,,,,,,,,,,,
2026-09-09,bb66a6f02c535c0cd8b9c689a5513687,2027-01-10T18:00:00Z,Kansas City Chiefs,Las Vegas Raiders,,,,,,,,,,,,,,,,,,,,,-8.5,-110,8.5,-110,,,,,,,,,,,,
2026-09-09,f370f9410ef82b37bd15d1719434370b,2027-01-10T18:00:00Z,New England Patriots,Miami Dolphins,,,,,,,,,,,,,,,,,,,,,-10.5,-110,10.5,-110,,,,,,,,,,,,
2026-09-09,7b8ce34c0e173e4ff6ccf8e8caa09113,2027-01-10T18:00:00Z,New Orleans Saints,Tampa Bay Buccaneers,,,,,,,,,,,,,1.5,-115,-1.5,-105,,,,,1.5,-110,-1.5,-110,,,,,,,,,,,,
2026-09-09,01baed6f9d6482c5d89d37379c7c63c7,2027-01-10T18:00:00Z,New York Giants,Philadelphia Eagles,,,,,,,,,,,,,,,,,,,,,3.0,-110,-3.0,-110,,,,,,,,,,,,
2026-09-09,f1480276ab67dcf60686556ba9336695,2027-01-10T21:05:00Z,Arizona Cardinals,San Francisco 49ers,,,,,,,,,,,,,8.5,-110,-8.5,-110,,,,,8.5,-110,-8.5,-110,,,,,,,,,,,,
2026-09-09,dc2d9177b48e6f3962dabb1407aba7d3,2027-01-10T21:05:00Z,Los Angeles Rams,Seattle Seahawks,,,,,,,,,,,,,,,,,,,,,-3.0,-110,3.0,-110,,,,,,,,,,,,
